UNIDAD OPERATIVA,PROVEEDOR,SERIAL,MARCA,MODELO,TIPO DE EQUIPO,OBSERVACIONES
UNIDAD OPERATIVA JALISCO,"FOCUS ON SERVICES, S.A. DE C.V.",2N7TR83,DELL,P2319H,L2_Monitor,
UNIDAD OPERATIVA JALISCO,"FOCUS ON SERVICES, S.A. DE C.V.",557389,KENSINGTON,K64442WW,P4_Candado de Combinación para Docking,
UNIDAD OPERATIVA JALISCO,"FOCUS ON SERVICES, S.A. DE C.V.",D9HSR93,DELL,Latitude 3420,L2_Equipo Portatil Avanzado,
UNIDAD OPERATIVA JALISCO,"FOCUS ON SERVICES, S.A. DE C.V.",B7HSR93,DELL,Latitude 3420,L2_Equipo Portatil Intermedio,
UNIDAD OPERATIVA JALISCO,"INDUSTRIAS SANDOVAL, S.A. DE C.V.",R4V1524066,KYOCERA,M3145IDN,MULTIFUNCIONAL,
UNIDAD OPERATIVA JALISCO,"INDUSTRIAS SANDOVAL, S.A. DE C.V.",R4V1523854,KYOCERA,M3145IDN,MULTIFUNCIONAL,
UNIDAD OPERATIVA JALISCO,"FOCUS ON SERVICES, S.A. DE C.V.",HRY3S83,DELL,P2319H,L2_Monitor,
UNIDAD OPERATIVA JALISCO,"FOCUS ON SERVICES, S.A. DE C.V.",539228,KENSINGTON,K64442WW,P4_Candado de Combinación para Docking,
UNIDAD OPERATIVA JALISCO,"FOCUS ON SERVICES, S.A. DE C.V.",6BGSR93,DELL,Latitude 3420,L2_Equipo Portatil Avanzado,
UNIDAD OPERATIVA JALISCO,"FOCUS ON SERVICES, S.A. DE C.V.",5RY3S83,DELL,P2319H,L2_Monitor,
UNIDAD OPERATIVA JALISCO,"FOCUS ON SERVICES, S.A. DE C.V.",539227,KENSINGTON,K64442WW,P4_Candado de Combinación para Docking,
UNIDAD OPERATIVA JALISCO,"FOCUS ON SERVICES, S.A. DE C.V.",38GSR93,DELL,Latitude 3420,L2_Equipo Portatil Avanzado,
UNIDAD OPERATIVA JALISCO,"FOCUS ON SERVICES, S.A. DE C.V.",6QQY3S83,DELL,P2319H,L2_Monitor,
UNIDAD OPERATIVA JALISCO,"FOCUS ON SERVICES, S.A. DE C.V.",539226,KENSINGTON,K64442WW,P4_Candado de Combinación para Docking,
UNIDAD OPERATIVA JALISCO,"FOCUS ON SERVICES, S.A. DE C.V.",4BGSR93,DELL,Latitude 3420,L2_Equipo Portatil Avanzado,
UNIDAD OPERATIVA JALISCO,"FOCUS ON SERVICES, S.A. DE C.V.",DPY3S83,DELL,P2319H,L2_Monitor,
UNIDAD OPERATIVA JALISCO,"FOCUS ON SERVICES, S.A. DE C.V.",539178,KENSINGTON,K64442WW,P4_Candado de Combinación para Docking,
UNIDAD OPERATIVA JALISCO,"FOCUS ON SERVICES, S.A. DE C.V.",H9GSR93,DELL,Latitude 3420,L2_Equipo Portatil Avanzado,
UNIDAD OPERATIVA JALISCO,"FOCUS ON SERVICES, S.A. DE C.V.",15KSR93,DELL,Latitude 3420,L2_Equipo Portatil Intermedio,
UNIDAD OPERATIVA JALISCO,"FOCUS ON SERVICES, S.A. DE C.V.",9SY3S83,DELL,P2319H,L2_Monitor,
UNIDAD OPERATIVA JALISCO,"FOCUS ON SERVICES, S.A. DE C.V.",539181,KENSINGTON,K64442WW,P4_Candado de Combinación para Docking,
UNIDAD OPERATIVA JALISCO,"FOCUS ON SERVICES, S.A. DE C.V.",B3KSR93,DELL,Latitude 3420,L2_Equipo Portatil Avanzado,
UNIDAD OPERATIVA JALISCO,"FOCUS ON SERVICES, S.A. DE C.V.",CQY3S83,DELL,P2319H,L2_Monitor,
UNIDAD OPERATIVA JALISCO,"FOCUS ON SERVICES, S.A. DE C.V.",539193,KENSINGTON,K64442WW,P4_Candado de Combinación para Docking,
UNIDAD OPERATIVA JALISCO,"FOCUS ON SERVICES, S.A. DE C.V.",DBGSR93,DELL,Latitude 3420,L2_Equipo Portatil Avanzado,
UNIDAD OPERATIVA JALISCO,"FOCUS ON SERVICES, S.A. DE C.V.",CRY3S83,DELL,P2319H,L2_Monitor,
UNIDAD OPERATIVA JALISCO,"FOCUS ON SERVICES, S.A. DE C.V.",539187,KENSINGTON,K64442WW,P4_Candado de Combinación para Docking,
UNIDAD OPERATIVA JALISCO,"FOCUS ON SERVICES, S.A. DE C.V.",GBGSR93,DELL,Latitude 3420,L2_Equipo Portatil Avanzado,
UNIDAD OPERATIVA JALISCO,"FOCUS ON SERVICES, S.A. DE C.V.",FQY3S83,DELL,P2319H,L2_Monitor,
UNIDAD OPERATIVA JALISCO,"FOCUS ON SERVICES, S.A. DE C.V.",539177,KENSINGTON,K64442WW,P4_Candado de Combinación para Docking,
UNIDAD OPERATIVA JALISCO,"FOCUS ON SERVICES, S.A. DE C.V.",86DTR93,DELL,Latitude 3420,L2_Equipo Portatil Avanzado,
UNIDAD OPERATIVA JALISCO,"FOCUS ON SERVICES, S.A. DE C.V.",3QY3S83,DELL,P2319H,L2_Monitor,
UNIDAD OPERATIVA JALISCO,"FOCUS ON SERVICES, S.A. DE C.V.",539189,KENSINGTON,K64442WW,P4_Candado de Combinación para Docking,
UNIDAD OPERATIVA JALISCO,"FOCUS ON SERVICES, S.A. DE C.V.",J8GSR93,DELL,Latitude 3420,L2_Equipo Portatil Avanzado,
UNIDAD OPERATIVA JALISCO,"FOCUS ON SERVICES, S.A. DE C.V.",7SY3S83,DELL,P2319H,L2_Monitor,
UNIDAD OPERATIVA JALISCO,"FOCUS ON SERVICES, S.A. DE C.V.",539191,KENSINGTON,K64442WW,P4_Candado de Combinación para Docking,
UNIDAD OPERATIVA JALISCO,"FOCUS ON SERVICES, S.A. DE C.V.",BBGSR93,DELL,Latitude 3420,L2_Equipo Portatil Avanzado,
UNIDAD OPERATIVA JALISCO,"FOCUS ON SERVICES, S.A. DE C.V.",8PY3S83,DELL,P2319H,L2_Monitor,
UNIDAD OPERATIVA JALISCO,"FOCUS ON SERVICES, S.A. DE C.V.",539242,KENSINGTON,K64442WW,P4_Candado de Combinación para Docking,
UNIDAD OPERATIVA JALISCO,"FOCUS ON SERVICES, S.A. DE C.V.",1PGSR93,DELL,Latitude 3420,L2_Equipo Portatil Avanzado,
UNIDAD OPERATIVA JALISCO,"FOCUS ON SERVICES, S.A. DE C.V.",BGRSR83,DELL,P2319H,L2_Monitor,
UNIDAD OPERATIVA JALISCO,"FOCUS ON SERVICES, S.A. DE C.V.",539240,KENSINGTON,K64442WW,P4_Candado de Combinación para Docking,
UNIDAD OPERATIVA JALISCO,"FOCUS ON SERVICES, S.A. DE C.V.",85DTR93,DELL,Latitude 3420,L2_Equipo Portatil Avanzado,
UNIDAD OPERATIVA JALISCO,"FOCUS ON SERVICES, S.A. DE C.V.",8QY3S83,DELL,P2319H,L2_Monitor,
UNIDAD OPERATIVA JALISCO,"FOCUS ON SERVICES, S.A. DE C.V.",539237,KENSINGTON,K64442WW,P4_Candado de Combinación para Docking,
UNIDAD OPERATIVA JALISCO,"FOCUS ON SERVICES, S.A. DE C.V.",5MGSR93,DELL,Latitude 3420,L2_Equipo Portatil Avanzado,
UNIDAD OPERATIVA JALISCO,"INDUSTRIAS SANDOVAL, S.A. DE C.V.",R4V1523298,KYOCERA,M3145IDN,MULTIFUNCIONAL,
UNIDAD OPERATIVA JALISCO,"FOCUS ON SERVICES, S.A. DE C.V.",539249,DELL,,Hace Falta Mouse,
UNIDAD OPERATIVA JALISCO,"FOCUS ON SERVICES, S.A. DE C.V.",1RY3S83,DELL,P2319H,L2_Monitor,
UNIDAD OPERATIVA JALISCO,"FOCUS ON SERVICES, S.A. DE C.V.",7MGSR93,DELL,Latitude 3420,L2_Equipo Portatil Avanzado,
UNIDAD OPERATIVA JALISCO,"INDUSTRIAS SANDOVAL, S.A. DE C.V.",R4V1523910,KYOCERA,M3145IDN,MULTIFUNCIONAL,
UNIDAD OPERATIVA JALISCO,"FOCUS ON SERVICES, S.A. DE C.V.",HPY3S83,DELL,P2319H,L2_Monitor,
UNIDAD OPERATIVA JALISCO,"FOCUS ON SERVICES, S.A. DE C.V.",539188,KENSINGTON,K64442WW,P4_Candado de Combinación para Docking,
UNIDAD OPERATIVA JALISCO,"FOCUS ON SERVICES, S.A. DE C.V.",39GSR93,DELL,Latitude 3420,L2_Equipo Portatil Avanzado,
UNIDAD OPERATIVA JALISCO,"FOCUS ON SERVICES, S.A. DE C.V.",G1JCR83,DELL,P2319H,L2_Monitor,
UNIDAD OPERATIVA JALISCO,"FOCUS ON SERVICES, S.A. DE C.V.",539196,KENSINGTON,K64442WW,P4_Candado de Combinación para Docking,
UNIDAD OPERATIVA JALISCO,"FOCUS ON SERVICES, S.A. DE C.V.",C8GSR93,DELL,Latitude 3420,L2_Equipo Portatil Avanzado,
UNIDAD OPERATIVA JALISCO,"FOCUS ON SERVICES, S.A. DE C.V.",8RY3S83,DELL,P2319H,L2_Monitor,
UNIDAD OPERATIVA JALISCO,"FOCUS ON SERVICES, S.A. DE C.V.",539185,KENSINGTON,K67819WW,P4_Candado de Combinación para Docking,
UNIDAD OPERATIVA JALISCO,"FOCUS ON SERVICES, S.A. DE C.V.",F6MSR93,DELL,Latitude 3420,L2_Equipo Portatil Avanzado,
UNIDAD OPERATIVA JALISCO,"FOCUS ON SERVICES, S.A. DE C.V.",HHG0VD3,DELL,Optiplex 3080,D5_Computadora de Escritorio Avanzada_CPU,
UNIDAD OPERATIVA JALISCO,"FOCUS ON SERVICES, S.A. DE C.V.",7116TB3,DELL,E2420H,D5_Monitor,
UNIDAD OPERATIVA JALISCO,"FOCUS ON SERVICES, S.A. DE C.V.",DC9YTD3,DELL,Optiplex 3080,D5_Computadora de Escritorio Avanzada_CPU,
UNIDAD OPERATIVA JALISCO,"FOCUS ON SERVICES, S.A. DE C.V.",70Y6TB3,DELL,E2420H,D5_Monitor,
UNIDAD OPERATIVA JALISCO,"FOCUS ON SERVICES, S.A. DE C.V.",DC9WTD3,DELL,Optiplex 3080,D5_Computadora de Escritorio Avanzada_CPU,
UNIDAD OPERATIVA JALISCO,"FOCUS ON SERVICES, S.A. DE C.V.",6XG8TB3,DELL,E2420H,D5_Monitor,
UNIDAD OPERATIVA JALISCO,"FOCUS ON SERVICES, S.A. DE C.V.",DCCVTD3,DELL,Optiplex 3080,D5_Computadora de Escritorio Avanzada_CPU,
UNIDAD OPERATIVA JALISCO,"FOCUS ON SERVICES, S.A. DE C.V.",7106TB3,DELL,E2420H,D5_Monitor,
UNIDAD OPERATIVA JALISCO,"FOCUS ON SERVICES, S.A. DE C.V.",4SY3S83,DELL,P2319H,L2_Monitor,
UNIDAD OPERATIVA JALISCO,"FOCUS ON SERVICES, S.A. DE C.V.",539195,KENSINGTON,K64442WW,P4_Candado de Combinación para Docking,
UNIDAD OPERATIVA JALISCO,"FOCUS ON SERVICES, S.A. DE C.V.",1PKSR93,DELL,Latitude 3420,L2_Equipo Portatil Avanzado,
UNIDAD OPERATIVA JALISCO,"FOCUS ON SERVICES, S.A. DE C.V.",9RY3S83,DELL,P2319H,L2_Monitor,
UNIDAD OPERATIVA JALISCO,"FOCUS ON SERVICES, S.A. DE C.V.",539198,KENSINGTON,K64442WW,P4_Candado de Combinación para Docking,
UNIDAD OPERATIVA JALISCO,"FOCUS ON SERVICES, S.A. DE C.V.",6ZJSR93,DELL,Latitude 3420,L2_Equipo Portatil Avanzado,
UNIDAD OPERATIVA JALISCO,"FOCUS ON SERVICES, S.A. DE C.V.",1QY3S83,DELL,P2319H,L2_Monitor,
UNIDAD OPERATIVA JALISCO,"FOCUS ON SERVICES, S.A. DE C.V.",539179,KENSINGTON,K64442WW,P4_Candado de Combinación para Docking,
UNIDAD OPERATIVA JALISCO,"FOCUS ON SERVICES, S.A. DE C.V.",82LSR93,DELL,Latitude 3420,L2_Equipo Portatil Avanzado,
UNIDAD OPERATIVA JALISCO,"FOCUS ON SERVICES, S.A. DE C.V.",12JCR83,DELL,P2319H,L2_Monitor,
UNIDAD OPERATIVA JALISCO,"FOCUS ON SERVICES, S.A. DE C.V.",539194,KENSINGTON,K64442WW,P4_Candado de Combinación para Docking,
UNIDAD OPERATIVA JALISCO,"FOCUS ON SERVICES, S.A. DE C.V.",BNKSR93,DELL,Latitude 3420,L2_Equipo Portatil Avanzado,
UNIDAD OPERATIVA JALISCO,"FOCUS ON SERVICES, S.A. DE C.V.",GQY3S83,DELL,P2319H,L2_Monitor,
UNIDAD OPERATIVA JALISCO,"FOCUS ON SERVICES, S.A. DE C.V.",539186,KENSINGTON,K64442WW,P4_Candado de Combinación para Docking,
UNIDAD OPERATIVA JALISCO,"FOCUS ON SERVICES, S.A. DE C.V.",57HSR93,DELL,Latitude 3420,L2_Equipo Portatil Avanzado,
UNIDAD OPERATIVA JALISCO,"FOCUS ON SERVICES, S.A. DE C.V.",GPY3SR83,DELL,P2319H,L2_Monitor,
UNIDAD OPERATIVA JALISCO,"FOCUS ON SERVICES, S.A. DE C.V.",539197,KENSINGTON,K64442WW,P4_Candado de Combinación para Docking,
UNIDAD OPERATIVA JALISCO,"FOCUS ON SERVICES, S.A. DE C.V.",60KSR93,DELL,Latitude 3420,L2_Equipo Portatil Avanzado,
UNIDAD OPERATIVA JALISCO,"FOCUS ON SERVICES, S.A. DE C.V.",C1JCR83,DELL,P2319H,L2_Monitor,
UNIDAD OPERATIVA JALISCO,"FOCUS ON SERVICES, S.A. DE C.V.",539199,KENSINGTON,K64442WW,P4_Candado de Combinación para Docking,
UNIDAD OPERATIVA JALISCO,"FOCUS ON SERVICES, S.A. DE C.V.",61JSR93,DELL,Latitude 3420,L2_Equipo Portatil Avanzado,
UNIDAD OPERATIVA JALISCO,"FOCUS ON SERVICES, S.A. DE C.V.",6SY3S83,DELL,P2319H,L2_Monitor,
UNIDAD OPERATIVA JALISCO,"FOCUS ON SERVICES, S.A. DE C.V.",539182,KENSINGTON,K64442WW,P4_Candado de Combinación para Docking,
UNIDAD OPERATIVA JALISCO,"FOCUS ON SERVICES, S.A. DE C.V.",2SKSR93,DELL,Latitude 3420,L2_Equipo Portatil Avanzado,
UNIDAD OPERATIVA JALISCO,"FOCUS ON SERVICES, S.A. DE C.V.",BRY3S83,DELL,P2319H,L2_Monitor,
UNIDAD OPERATIVA JALISCO,"FOCUS ON SERVICES, S.A. DE C.V.",539190,KENSINGTON,K64442WW,P4_Candado de Combinación para Docking,
UNIDAD OPERATIVA JALISCO,"FOCUS ON SERVICES, S.A. DE C.V.",2ZLSR93,DELL,Latitude 3420,L2_Equipo Portatil Avanzado,
UNIDAD OPERATIVA JALISCO,"FOCUS ON SERVICES, S.A. DE C.V.",D1JCR83,DELL,P2319H,L2_Monitor,
UNIDAD OPERATIVA JALISCO,"FOCUS ON SERVICES, S.A. DE C.V.",539192,KENSINGTON,K64442WW,P4_Candado de Combinación para Docking,
UNIDAD OPERATIVA JALISCO,"FOCUS ON SERVICES, S.A. DE C.V.",88GSR93,DELL,Latitude 3420,L2_Equipo Portatil Avanzado,
UNIDAD OPERATIVA JALISCO,"FOCUS ON SERVICES, S.A. DE C.V.",CN08K50CPLC0007K5007A00,DELL,DW316,P6_Lector DVD,
UNIDAD OPERATIVA JALISCO,"FOCUS ON SERVICES, S.A. DE C.V.",BQY3S83,DELL,P2319H,L2_Monitor,
UNIDAD OPERATIVA JALISCO,"FOCUS ON SERVICES, S.A. DE C.V.",539184,KENSINGTON,K64442WW,P4_Candado de Combinación para Docking,
UNIDAD OPERATIVA JALISCO,"FOCUS ON SERVICES, S.A. DE C.V.",16HSR93,DELL,Latitude 3420,L2_Equipo Portatil Avanzado,
UNIDAD OPERATIVA JALISCO,"FOCUS ON SERVICES, S.A. DE C.V.",D2KSR93,DELL,Latitude 3420,L2_Equipo Portatil Intermedio,
UNIDAD OPERATIVA JALISCO,"FOCUS ON SERVICES, S.A. DE C.V.",61JCR83,DELL,P2319H,L2_Monitor,
UNIDAD OPERATIVA JALISCO,"FOCUS ON SERVICES, S.A. DE C.V.",557387,KENSINGTON,K64442WW,P4_Candado de Combinación para Docking,
UNIDAD OPERATIVA JALISCO,"FOCUS ON SERVICES, S.A. DE C.V.",74KSR93,DELL,Latitude 3420,L2_Equipo Portatil Avanzado,
UNIDAD OPERATIVA JALISCO,"FOCUS ON SERVICES, S.A. DE C.V.",DQY3S83,DELL,P2319H,L2_Monitor,
UNIDAD OPERATIVA JALISCO,"FOCUS ON SERVICES, S.A. DE C.V.",557376,KENSINGTON,K64442WW,P4_Candado de Combinación para Docking,
UNIDAD OPERATIVA JALISCO,"FOCUS ON SERVICES, S.A. DE C.V.",CQKSR93,DELL,Latitude 3420,L2_Equipo Portatil Avanzado,
UNIDAD OPERATIVA JALISCO,"FOCUS ON SERVICES, S.A. DE C.V.",9RKSR93,DELL,Latitude 3420,L2_Equipo Portatil Intermedio,
UNIDAD OPERATIVA JALISCO,"FOCUS ON SERVICES, S.A. DE C.V.",2QY3S83,DELL,P2319H,L2_Monitor,
UNIDAD OPERATIVA JALISCO,"FOCUS ON SERVICES, S.A. DE C.V.",557395,KENSINGTON,K64442WW,P4_Candado de Combinación para Docking,
UNIDAD OPERATIVA JALISCO,"FOCUS ON SERVICES, S.A. DE C.V.",3WHSR93,DELL,Latitude 3420,L2_Equipo Portatil Avanzado,
UNIDAD OPERATIVA JALISCO,"INDUSTRIAS SANDOVAL, S.A. DE C.V.",7464052023ZY2,LEXMARK,MX722adhe,MULTIFUNCIONAL,
UNIDAD OPERATIVA JALISCO,"INDUSTRIAS SANDOVAL, S.A. DE C.V.",R4V1523924,KYOCERA,M3145IDN,MULTIFUNCIONAL,
UNIDAD OPERATIVA JALISCO,"INDUSTRIAS SANDOVAL, S.A. DE C.V.",7464052023ZY6,LEXMARK,MX722adhe,MULTIFUNCIONAL,
UNIDAD OPERATIVA JALISCO,"INDUSTRIAS SANDOVAL, S.A. DE C.V.",7464051023YL5,LEXMARK,MX722adhe,MULTIFUNCIONAL,
UNIDAD OPERATIVA JALISCO,"INDUSTRIAS SANDOVAL, S.A. DE C.V.",7464052023ZTD,LEXMARK,MX722adhe,MULTIFUNCIONAL,
UNIDAD OPERATIVA JALISCO,"INDUSTRIAS SANDOVAL, S.A. DE C.V.",7464052023ZWX,LEXMARK,MX722adhe,MULTIFUNCIONAL,
UNIDAD OPERATIVA JALISCO,"INDUSTRIAS SANDOVAL, S.A. DE C.V.",7464052024010,LEXMARK,MX722adhe,MULTIFUNCIONAL,
UNIDAD OPERATIVA JALISCO,"INDUSTRIAS SANDOVAL, S.A. DE C.V.",R4V1523303,KYOCERA,M3145IDN,MULTIFUNCIONAL,
UNIDAD OPERATIVA JALISCO,"FOCUS ON SERVICES, S.A. DE C.V.",FRY3S83,DELL,P2319H,L2_Monitor,
UNIDAD OPERATIVA JALISCO,"FOCUS ON SERVICES, S.A. DE C.V.",539235,KENSINGTON,K64442WW,P4_Candado de Combinación para Docking,
UNIDAD OPERATIVA JALISCO,"FOCUS ON SERVICES, S.A. DE C.V.",9MGSR93,DELL,Latitude 3420,L2_Equipo Portatil Avanzado,
UNIDAD OPERATIVA JALISCO,SOLUCIONES TECNOLÓGICAS ESPECIALIZADAS. S.A. DE C.V.,MXL1243SL0,HP,HP 400 G7 PRODESK,COMPUTADORA DE ESCRITORIO INTERMEDIA,
UNIDAD OPERATIVA JALISCO,SOLUCIONES TECNOLÓGICAS ESPECIALIZADAS. S.A. DE C.V.,MXL1243SNR,HP,HP 400 G7 PRODESK,COMPUTADORA DE ESCRITORIO INTERMEDIA,
UNIDAD OPERATIVA JALISCO,SOLUCIONES TECNOLÓGICAS ESPECIALIZADAS. S.A. DE C.V.,MXL1243SJM,HP,HP 400 G7 PRODESK,COMPUTADORA DE ESCRITORIO INTERMEDIA,
UNIDAD OPERATIVA JALISCO,SOLUCIONES TECNOLÓGICAS ESPECIALIZADAS. S.A. DE C.V.,MXL12443HD,HP,HP 400 G7 PRODESK,COMPUTADORA DE ESCRITORIO INTERMEDIA,
UNIDAD OPERATIVA JALISCO,SOLUCIONES TECNOLÓGICAS ESPECIALIZADAS. S.A. DE C.V.,MXL12443BF,HP,HP 400 G7 PRODESK,COMPUTADORA DE ESCRITORIO INTERMEDIA,
UNIDAD OPERATIVA JALISCO,SOLUCIONES TECNOLÓGICAS ESPECIALIZADAS. S.A. DE C.V.,MXL12443D8,HP,HP 400 G7 PRODESK,COMPUTADORA DE ESCRITORIO INTERMEDIA,
UNIDAD OPERATIVA JALISCO,SOLUCIONES TECNOLÓGICAS ESPECIALIZADAS. S.A. DE C.V.,MXL12443BX,HP,HP 400 G7 PRODESK,COMPUTADORA DE ESCRITORIO INTERMEDIA,
UNIDAD OPERATIVA JALISCO,SOLUCIONES TECNOLÓGICAS ESPECIALIZADAS. S.A. DE C.V.,MXL12443BS,HP,HP 400 G7 PRODESK,COMPUTADORA DE ESCRITORIO INTERMEDIA,
UNIDAD OPERATIVA JALISCO,SOLUCIONES TECNOLÓGICAS ESPECIALIZADAS. S.A. DE C.V.,MXL12443C0,HP,HP 400 G7 PRODESK,COMPUTADORA DE ESCRITORIO INTERMEDIA,
UNIDAD OPERATIVA JALISCO,SOLUCIONES TECNOLÓGICAS ESPECIALIZADAS. S.A. DE C.V.,MXL12443F3,HP,HP 400 G7 PRODESK,COMPUTADORA DE ESCRITORIO INTERMEDIA,
UNIDAD OPERATIVA JALISCO,SOLUCIONES TECNOLÓGICAS ESPECIALIZADAS. S.A. DE C.V.,MXL12443HF,HP,HP 400 G7 PRODESK,COMPUTADORA DE ESCRITORIO INTERMEDIA,
UNIDAD OPERATIVA JALISCO,SOLUCIONES TECNOLÓGICAS ESPECIALIZADAS. S.A. DE C.V.,MXL12443G6,HP,HP 400 G7 PRODESK,COMPUTADORA DE ESCRITORIO INTERMEDIA,
UNIDAD OPERATIVA JALISCO,SOLUCIONES TECNOLÓGICAS ESPECIALIZADAS. S.A. DE C.V.,MXL12443BY,HP,HP 400 G7 PRODESK,COMPUTADORA DE ESCRITORIO INTERMEDIA,
UNIDAD OPERATIVA JALISCO,SOLUCIONES TECNOLÓGICAS ESPECIALIZADAS. S.A. DE C.V.,MXL12443C6,HP,HP 400 G7 PRODESK,COMPUTADORA DE ESCRITORIO INTERMEDIA,
UNIDAD OPERATIVA JALISCO,SOLUCIONES TECNOLÓGICAS ESPECIALIZADAS. S.A. DE C.V.,MXL12443C3,HP,HP 400 G7 PRODESK,COMPUTADORA DE ESCRITORIO INTERMEDIA,
UNIDAD OPERATIVA JALISCO,SOLUCIONES TECNOLÓGICAS ESPECIALIZADAS. S.A. DE C.V.,MXL12443H7,HP,HP 400 G7 PRODESK,COMPUTADORA DE ESCRITORIO INTERMEDIA,
UNIDAD OPERATIVA JALISCO,SOLUCIONES TECNOLÓGICAS ESPECIALIZADAS. S.A. DE C.V.,MXL12443BQ,HP,HP 400 G7 PRODESK,COMPUTADORA DE ESCRITORIO INTERMEDIA,
UNIDAD OPERATIVA JALISCO,SOLUCIONES TECNOLÓGICAS ESPECIALIZADAS. S.A. DE C.V.,MXL12443HJ,HP,HP 400 G7 PRODESK,COMPUTADORA DE ESCRITORIO INTERMEDIA,
UNIDAD OPERATIVA JALISCO,SOLUCIONES TECNOLÓGICAS ESPECIALIZADAS. S.A. DE C.V.,MXL12443DZ,HP,HP 400 G7 PRODESK,COMPUTADORA DE ESCRITORIO INTERMEDIA,
UNIDAD OPERATIVA JALISCO,SOLUCIONES TECNOLÓGICAS ESPECIALIZADAS. S.A. DE C.V.,MXL12443CK,HP,HP 400 G7 PRODESK,COMPUTADORA DE ESCRITORIO INTERMEDIA,
UNIDAD OPERATIVA JALISCO,SOLUCIONES TECNOLÓGICAS ESPECIALIZADAS. S.A. DE C.V.,MXL12443BR,HP,HP 400 G7 PRODESK,COMPUTADORA DE ESCRITORIO INTERMEDIA,
UNIDAD OPERATIVA JALISCO,SOLUCIONES TECNOLÓGICAS ESPECIALIZADAS. S.A. DE C.V.,MXL1243SLY,HP,HP 400 G7 PRODESK,COMPUTADORA DE ESCRITORIO INTERMEDIA,
UNIDAD OPERATIVA JALISCO,SOLUCIONES TECNOLÓGICAS ESPECIALIZADAS. S.A. DE C.V.,MXL12443DS,HP,HP 400 G7 PRODESK,COMPUTADORA DE ESCRITORIO INTERMEDIA,
UNIDAD OPERATIVA JALISCO,SOLUCIONES TECNOLÓGICAS ESPECIALIZADAS. S.A. DE C.V.,MXL1243SPQ,HP,HP 400 G7 PRODESK,COMPUTADORA DE ESCRITORIO INTERMEDIA,
UNIDAD OPERATIVA JALISCO,SOLUCIONES TECNOLÓGICAS ESPECIALIZADAS. S.A. DE C.V.,MXL1243SNL,HP,HP 400 G7 PRODESK,COMPUTADORA DE ESCRITORIO INTERMEDIA,
UNIDAD OPERATIVA JALISCO,SOLUCIONES TECNOLÓGICAS ESPECIALIZADAS. S.A. DE C.V.,MXL1243SJD,HP,HP 400 G7 PRODESK,COMPUTADORA DE ESCRITORIO INTERMEDIA,
UNIDAD OPERATIVA JALISCO,SOLUCIONES TECNOLÓGICAS ESPECIALIZADAS. S.A. DE C.V.,MXL1243SJT,HP,HP 400 G7 PRODESK,COMPUTADORA DE ESCRITORIO INTERMEDIA,
UNIDAD OPERATIVA JALISCO,SOLUCIONES TECNOLÓGICAS ESPECIALIZADAS. S.A. DE C.V.,MXL1243SM3,HP,HP 400 G7 PRODESK,COMPUTADORA DE ESCRITORIO INTERMEDIA,
UNIDAD OPERATIVA JALISCO,SOLUCIONES TECNOLÓGICAS ESPECIALIZADAS. S.A. DE C.V.,MXL12443G5,HP,HP 400 G7 PRODESK,COMPUTADORA DE ESCRITORIO INTERMEDIA,
UNIDAD OPERATIVA JALISCO,SOLUCIONES TECNOLÓGICAS ESPECIALIZADAS. S.A. DE C.V.,MXL12443JD,HP,HP 400 G7 PRODESK,COMPUTADORA DE ESCRITORIO INTERMEDIA,
UNIDAD OPERATIVA JALISCO,SOLUCIONES TECNOLÓGICAS ESPECIALIZADAS. S.A. DE C.V.,MXL12443GD,HP,HP 400 G7 PRODESK,COMPUTADORA DE ESCRITORIO INTERMEDIA,
UNIDAD OPERATIVA JALISCO,SOLUCIONES TECNOLÓGICAS ESPECIALIZADAS. S.A. DE C.V.,MXL1243SGX,HP,HP 400 G7 PRODESK,COMPUTADORA DE ESCRITORIO INTERMEDIA,
UNIDAD OPERATIVA JALISCO,SOLUCIONES TECNOLÓGICAS ESPECIALIZADAS. S.A. DE C.V.,MXL12443D0,HP,HP 400 G7 PRODESK,COMPUTADORA DE ESCRITORIO INTERMEDIA,
UNIDAD OPERATIVA JALISCO,SOLUCIONES TECNOLÓGICAS ESPECIALIZADAS. S.A. DE C.V.,MXL12443H9,HP,HP 400 G7 PRODESK,COMPUTADORA DE ESCRITORIO INTERMEDIA,
UNIDAD OPERATIVA JALISCO,SOLUCIONES TECNOLÓGICAS ESPECIALIZADAS. S.A. DE C.V.,MXL12443HK,HP,HP 400 G7 PRODESK,COMPUTADORA DE ESCRITORIO INTERMEDIA,
UNIDAD OPERATIVA JALISCO,SOLUCIONES TECNOLÓGICAS ESPECIALIZADAS. S.A. DE C.V.,MXL12443BB,HP,HP 400 G7 PRODESK,COMPUTADORA DE ESCRITORIO INTERMEDIA,
UNIDAD OPERATIVA JALISCO,SOLUCIONES TECNOLÓGICAS ESPECIALIZADAS. S.A. DE C.V.,MXL1243SKG,HP,HP 400 G7 PRODESK,COMPUTADORA DE ESCRITORIO INTERMEDIA,
UNIDAD OPERATIVA JALISCO,SOLUCIONES TECNOLÓGICAS ESPECIALIZADAS. S.A. DE C.V.,MXL12443DV,HP,HP 400 G7 PRODESK,COMPUTADORA DE ESCRITORIO INTERMEDIA,
UNIDAD OPERATIVA JALISCO,SOLUCIONES TECNOLÓGICAS ESPECIALIZADAS. S.A. DE C.V.,MXL12443CZ,HP,HP 400 G7 PRODESK,COMPUTADORA DE ESCRITORIO INTERMEDIA,
UNIDAD OPERATIVA JALISCO,SOLUCIONES TECNOLÓGICAS ESPECIALIZADAS. S.A. DE C.V.,MXL12443FY,HP,HP 400 G7 PRODESK,COMPUTADORA DE ESCRITORIO INTERMEDIA,
UNIDAD OPERATIVA JALISCO,SOLUCIONES TECNOLÓGICAS ESPECIALIZADAS. S.A. DE C.V.,MXL12443F8,HP,HP 400 G7 PRODESK,COMPUTADORA DE ESCRITORIO INTERMEDIA,
UNIDAD OPERATIVA JALISCO,SOLUCIONES TECNOLÓGICAS ESPECIALIZADAS. S.A. DE C.V.,MXL12443FZ,HP,HP 400 G7 PRODESK,COMPUTADORA DE ESCRITORIO INTERMEDIA,
UNIDAD OPERATIVA JALISCO,SOLUCIONES TECNOLÓGICAS ESPECIALIZADAS. S.A. DE C.V.,MXL12443JK,HP,HP 400 G7 PRODESK,COMPUTADORA DE ESCRITORIO INTERMEDIA,
UNIDAD OPERATIVA JALISCO,SOLUCIONES TECNOLÓGICAS ESPECIALIZADAS. S.A. DE C.V.,MXL12443F7,HP,HP 400 G7 PRODESK,COMPUTADORA DE ESCRITORIO INTERMEDIA,
UNIDAD OPERATIVA JALISCO,SOLUCIONES TECNOLÓGICAS ESPECIALIZADAS. S.A. DE C.V.,MXL12443BW,HP,HP 400 G7 PRODESK,COMPUTADORA DE ESCRITORIO INTERMEDIA,
UNIDAD OPERATIVA JALISCO,SOLUCIONES TECNOLÓGICAS ESPECIALIZADAS. S.A. DE C.V.,MXL1243SHD,HP,HP 400 G7 PRODESK,COMPUTADORA DE ESCRITORIO INTERMEDIA,
UNIDAD OPERATIVA JALISCO,SOLUCIONES TECNOLÓGICAS ESPECIALIZADAS. S.A. DE C.V.,MXL12443HG,HP,HP 400 G7 PRODESK,COMPUTADORA DE ESCRITORIO INTERMEDIA,
UNIDAD OPERATIVA JALISCO,SOLUCIONES TECNOLÓGICAS ESPECIALIZADAS. S.A. DE C.V.,MXL12443G9,HP,HP 400 G7 PRODESK,COMPUTADORA DE ESCRITORIO INTERMEDIA,
UNIDAD OPERATIVA JALISCO,SOLUCIONES TECNOLÓGICAS ESPECIALIZADAS. S.A. DE C.V.,MXL1243SJN,HP,HP 400 G7 PRODESK,COMPUTADORA DE ESCRITORIO INTERMEDIA,
UNIDAD OPERATIVA JALISCO,SOLUCIONES TECNOLÓGICAS ESPECIALIZADAS. S.A. DE C.V.,MXL1243SP1,HP,HP 400 G7 PRODESK,COMPUTADORA DE ESCRITORIO INTERMEDIA,
UNIDAD OPERATIVA JALISCO,SOLUCIONES TECNOLÓGICAS ESPECIALIZADAS. S.A. DE C.V.,MXL1243SL1,HP,HP 400 G7 PRODESK,COMPUTADORA DE ESCRITORIO INTERMEDIA,
UNIDAD OPERATIVA JALISCO,SOLUCIONES TECNOLÓGICAS ESPECIALIZADAS. S.A. DE C.V.,MXL1243SGJ,HP,HP 400 G7 PRODESK,COMPUTADORA DE ESCRITORIO INTERMEDIA,
UNIDAD OPERATIVA JALISCO,SOLUCIONES TECNOLÓGICAS ESPECIALIZADAS. S.A. DE C.V.,MXL1243SJ9,HP,HP 400 G7 PRODESK,COMPUTADORA DE ESCRITORIO INTERMEDIA,
UNIDAD OPERATIVA JALISCO,SOLUCIONES TECNOLÓGICAS ESPECIALIZADAS. S.A. DE C.V.,MXL1243SMM,HP,HP 400 G7 PRODESK,COMPUTADORA DE ESCRITORIO INTERMEDIA,
UNIDAD OPERATIVA JALISCO,SOLUCIONES TECNOLÓGICAS ESPECIALIZADAS. S.A. DE C.V.,MXL1243SKJ,HP,HP 400 G7 PRODESK,COMPUTADORA DE ESCRITORIO INTERMEDIA,
UNIDAD OPERATIVA JALISCO,SOLUCIONES TECNOLÓGICAS ESPECIALIZADAS. S.A. DE C.V.,MXL1243SMX,HP,HP 400 G7 PRODESK,COMPUTADORA DE ESCRITORIO INTERMEDIA,
UNIDAD OPERATIVA JALISCO,SOLUCIONES TECNOLÓGICAS ESPECIALIZADAS. S.A. DE C.V.,s/s,TECHZONE,CABLE 1.8M 3mm,CANDADO P/EQ. ESCRITORIO O PORTATIL,
UNIDAD OPERATIVA JALISCO,SOLUCIONES TECNOLÓGICAS ESPECIALIZADAS. S.A. DE C.V.,X89D0600075,EPSON,POWERLITE W60+,VIDEO PROYECTOR,
UNIDAD OPERATIVA JALISCO,SOLUCIONES TECNOLÓGICAS ESPECIALIZADAS. S.A. DE C.V.,1CR1031DG2,HP,P24v G4 FHD Monitor US,MONITOR,
UNIDAD OPERATIVA JALISCO,SOLUCIONES TECNOLÓGICAS ESPECIALIZADAS. S.A. DE C.V.,1CR1031DGW,HP,P24v G4 FHD Monitor US,MONITOR,
UNIDAD OPERATIVA JALISCO,SOLUCIONES TECNOLÓGICAS ESPECIALIZADAS. S.A. DE C.V.,1CR1031DFX,HP,P24v G4 FHD Monitor US,MONITOR,
UNIDAD OPERATIVA JALISCO,SOLUCIONES TECNOLÓGICAS ESPECIALIZADAS. S.A. DE C.V.,1CR1031DG4,HP,P24v G4 FHD Monitor US,MONITOR,
UNIDAD OPERATIVA JALISCO,SOLUCIONES TECNOLÓGICAS ESPECIALIZADAS. S.A. DE C.V.,1CR1031DH1,HP,P24v G4 FHD Monitor US,MONITOR,
UNIDAD OPERATIVA JALISCO,SOLUCIONES TECNOLÓGICAS ESPECIALIZADAS. S.A. DE C.V.,1CR1031DHL,HP,P24v G4 FHD Monitor US,MONITOR,
UNIDAD OPERATIVA JALISCO,SOLUCIONES TECNOLÓGICAS ESPECIALIZADAS. S.A. DE C.V.,1CR1031DGM,HP,P24v G4 FHD Monitor US,MONITOR,
UNIDAD OPERATIVA JALISCO,SOLUCIONES TECNOLÓGICAS ESPECIALIZADAS. S.A. DE C.V.,1CR1031DGH,HP,P24v G4 FHD Monitor US,MONITOR,
UNIDAD OPERATIVA JALISCO,SOLUCIONES TECNOLÓGICAS ESPECIALIZADAS. S.A. DE C.V.,1CR1171TJT,HP,P24v G4 FHD Monitor US,MONITOR,
UNIDAD OPERATIVA JALISCO,SOLUCIONES TECNOLÓGICAS ESPECIALIZADAS. S.A. DE C.V.,1CR1021137,HP,P24v G4 FHD Monitor US,MONITOR,
UNIDAD OPERATIVA JALISCO,SOLUCIONES TECNOLÓGICAS ESPECIALIZADAS. S.A. DE C.V.,1CR102113B,HP,P24v G4 FHD Monitor US,MONITOR,
UNIDAD OPERATIVA JALISCO,SOLUCIONES TECNOLÓGICAS ESPECIALIZADAS. S.A. DE C.V.,1CR1010HRS,HP,P24v G4 FHD Monitor US,MONITOR,
UNIDAD OPERATIVA JALISCO,SOLUCIONES TECNOLÓGICAS ESPECIALIZADAS. S.A. DE C.V.,1CR10314QY,HP,P24v G4 FHD Monitor US,MONITOR,
UNIDAD OPERATIVA JALISCO,SOLUCIONES TECNOLÓGICAS ESPECIALIZADAS. S.A. DE C.V.,1CR10314QV,HP,P24v G4 FHD Monitor US,MONITOR,
UNIDAD OPERATIVA JALISCO,SOLUCIONES TECNOLÓGICAS ESPECIALIZADAS. S.A. DE C.V.,1CR10314R6,HP,P24v G4 FHD Monitor US,MONITOR,
UNIDAD OPERATIVA JALISCO,SOLUCIONES TECNOLÓGICAS ESPECIALIZADAS. S.A. DE C.V.,1CR10314RZ,HP,P24v G4 FHD Monitor US,MONITOR,
UNIDAD OPERATIVA JALISCO,SOLUCIONES TECNOLÓGICAS ESPECIALIZADAS. S.A. DE C.V.,1CR1010HS9,HP,P24v G4 FHD Monitor US,MONITOR,
UNIDAD OPERATIVA JALISCO,SOLUCIONES TECNOLÓGICAS ESPECIALIZADAS. S.A. DE C.V.,1CR102112C,HP,P24v G4 FHD Monitor US,MONITOR,
UNIDAD OPERATIVA JALISCO,SOLUCIONES TECNOLÓGICAS ESPECIALIZADAS. S.A. DE C.V.,1CR1010HR5,HP,P24v G4 FHD Monitor US,MONITOR,
UNIDAD OPERATIVA JALISCO,SOLUCIONES TECNOLÓGICAS ESPECIALIZADAS. S.A. DE C.V.,1CR10314SN,HP,P24v G4 FHD Monitor US,MONITOR,
UNIDAD OPERATIVA JALISCO,SOLUCIONES TECNOLÓGICAS ESPECIALIZADAS. S.A. DE C.V.,1CR10314ST,HP,P24v G4 FHD Monitor US,MONITOR,
UNIDAD OPERATIVA JALISCO,SOLUCIONES TECNOLÓGICAS ESPECIALIZADAS. S.A. DE C.V.,1CR10314SX,HP,P24v G4 FHD Monitor US,MONITOR,
UNIDAD OPERATIVA JALISCO,SOLUCIONES TECNOLÓGICAS ESPECIALIZADAS. S.A. DE C.V.,1CR10314QB,HP,P24v G4 FHD Monitor US,MONITOR,
UNIDAD OPERATIVA JALISCO,SOLUCIONES TECNOLÓGICAS ESPECIALIZADAS. S.A. DE C.V.,1CR1171TJ1,HP,P24v G4 FHD Monitor US,MONITOR,
UNIDAD OPERATIVA JALISCO,SOLUCIONES TECNOLÓGICAS ESPECIALIZADAS. S.A. DE C.V.,1CR10314S3,HP,P24v G4 FHD Monitor US,MONITOR,
UNIDAD OPERATIVA JALISCO,SOLUCIONES TECNOLÓGICAS ESPECIALIZADAS. S.A. DE C.V.,1CR10314RP,HP,P24v G4 FHD Monitor US,MONITOR,
UNIDAD OPERATIVA JALISCO,SOLUCIONES TECNOLÓGICAS ESPECIALIZADAS. S.A. DE C.V.,1CR10314RW,HP,P24v G4 FHD Monitor US,MONITOR,
UNIDAD OPERATIVA JALISCO,SOLUCIONES TECNOLÓGICAS ESPECIALIZADAS. S.A. DE C.V.,1CR10314S2,HP,P24v G4 FHD Monitor US,MONITOR,
UNIDAD OPERATIVA JALISCO,SOLUCIONES TECNOLÓGICAS ESPECIALIZADAS. S.A. DE C.V.,1CR1031DGB,HP,P24v G4 FHD Monitor US,MONITOR,
UNIDAD OPERATIVA JALISCO,SOLUCIONES TECNOLÓGICAS ESPECIALIZADAS. S.A. DE C.V.,1CR10314S9,HP,P24v G4 FHD Monitor US,MONITOR,
UNIDAD OPERATIVA JALISCO,SOLUCIONES TECNOLÓGICAS ESPECIALIZADAS. S.A. DE C.V.,1CR10314PF,HP,P24v G4 FHD Monitor US,MONITOR,
UNIDAD OPERATIVA JALISCO,SOLUCIONES TECNOLÓGICAS ESPECIALIZADAS. S.A. DE C.V.,1CR102112N,HP,P24v G4 FHD Monitor US,MONITOR,
UNIDAD OPERATIVA JALISCO,SOLUCIONES TECNOLÓGICAS ESPECIALIZADAS. S.A. DE C.V.,1CR10314SW,HP,P24v G4 FHD Monitor US,MONITOR,
UNIDAD OPERATIVA JALISCO,SOLUCIONES TECNOLÓGICAS ESPECIALIZADAS. S.A. DE C.V.,1CR10314SH,HP,P24v G4 FHD Monitor US,MONITOR,
UNIDAD OPERATIVA JALISCO,SOLUCIONES TECNOLÓGICAS ESPECIALIZADAS. S.A. DE C.V.,1CR10314S1,HP,P24v G4 FHD Monitor US,MONITOR,
UNIDAD OPERATIVA JALISCO,SOLUCIONES TECNOLÓGICAS ESPECIALIZADAS. S.A. DE C.V.,1CR10314RV,HP,P24v G4 FHD Monitor US,MONITOR,
UNIDAD OPERATIVA JALISCO,SOLUCIONES TECNOLÓGICAS ESPECIALIZADAS. S.A. DE C.V.,1CR10314SK,HP,P24v G4 FHD Monitor US,MONITOR,
UNIDAD OPERATIVA JALISCO,SOLUCIONES TECNOLÓGICAS ESPECIALIZADAS. S.A. DE C.V.,1CR10314Q3,HP,P24v G4 FHD Monitor US,MONITOR,
UNIDAD OPERATIVA JALISCO,SOLUCIONES TECNOLÓGICAS ESPECIALIZADAS. S.A. DE C.V.,1CR1010HS1,HP,P24v G4 FHD Monitor US,MONITOR,
UNIDAD OPERATIVA JALISCO,SOLUCIONES TECNOLÓGICAS ESPECIALIZADAS. S.A. DE C.V.,1CR10314QW,HP,P24v G4 FHD Monitor US,MONITOR,
UNIDAD OPERATIVA JALISCO,SOLUCIONES TECNOLÓGICAS ESPECIALIZADAS. S.A. DE C.V.,1CR1171TK2,HP,P24v G4 FHD Monitor US,MONITOR,
UNIDAD OPERATIVA JALISCO,SOLUCIONES TECNOLÓGICAS ESPECIALIZADAS. S.A. DE C.V.,1CR10314SL,HP,P24v G4 FHD Monitor US,MONITOR,
UNIDAD OPERATIVA JALISCO,SOLUCIONES TECNOLÓGICAS ESPECIALIZADAS. S.A. DE C.V.,1CR102113K,HP,P24v G4 FHD Monitor US,MONITOR,
UNIDAD OPERATIVA JALISCO,SOLUCIONES TECNOLÓGICAS ESPECIALIZADAS. S.A. DE C.V.,1CR10314RS,HP,P24v G4 FHD Monitor US,MONITOR,
UNIDAD OPERATIVA JALISCO,SOLUCIONES TECNOLÓGICAS ESPECIALIZADAS. S.A. DE C.V.,1CR10314QC,HP,P24v G4 FHD Monitor US,MONITOR,
UNIDAD OPERATIVA JALISCO,SOLUCIONES TECNOLÓGICAS ESPECIALIZADAS. S.A. DE C.V.,1CR1010GKW,HP,P24v G4 FHD Monitor US,MONITOR,
UNIDAD OPERATIVA JALISCO,SOLUCIONES TECNOLÓGICAS ESPECIALIZADAS. S.A. DE C.V.,1CR1010GLM,HP,P24v G4 FHD Monitor US,MONITOR,
UNIDAD OPERATIVA JALISCO,SOLUCIONES TECNOLÓGICAS ESPECIALIZADAS. S.A. DE C.V.,1CR103141F,HP,P24v G4 FHD Monitor US,MONITOR,
UNIDAD OPERATIVA JALISCO,SOLUCIONES TECNOLÓGICAS ESPECIALIZADAS. S.A. DE C.V.,1CR1010GKZ,HP,P24v G4 FHD Monitor US,MONITOR,
UNIDAD OPERATIVA JALISCO,SOLUCIONES TECNOLÓGICAS ESPECIALIZADAS. S.A. DE C.V.,1CR1031438,HP,P24v G4 FHD Monitor US,MONITOR,
UNIDAD OPERATIVA JALISCO,SOLUCIONES TECNOLÓGICAS ESPECIALIZADAS. S.A. DE C.V.,1CR10314Q6,HP,P24v G4 FHD Monitor US,MONITOR,
UNIDAD OPERATIVA JALISCO,SOLUCIONES TECNOLÓGICAS ESPECIALIZADAS. S.A. DE C.V.,1CR1010GLG,HP,P24v G4 FHD Monitor US,MONITOR,
UNIDAD OPERATIVA JALISCO,SOLUCIONES TECNOLÓGICAS ESPECIALIZADAS. S.A. DE C.V.,1CR1010GLJ,HP,P24v G4 FHD Monitor US,MONITOR,
UNIDAD OPERATIVA JALISCO,SOLUCIONES TECNOLÓGICAS ESPECIALIZADAS. S.A. DE C.V.,1CR1010D40,HP,P24v G4 FHD Monitor US,MONITOR,
UNIDAD OPERATIVA JALISCO,SOLUCIONES TECNOLÓGICAS ESPECIALIZADAS. S.A. DE C.V.,1CR1010GL2,HP,P24v G4 FHD Monitor US,MONITOR,
UNIDAD OPERATIVA JALISCO,SOLUCIONES TECNOLÓGICAS ESPECIALIZADAS. S.A. DE C.V.,1CR103142B,HP,P24v G4 FHD Monitor US,MONITOR,
UNIDAD OPERATIVA JALISCO,"FOCUS ON SERVICES, S.A. DE C.V.",7VKSR93,DELL,Latitude 3420,L2_Equipo Portatil Intermedio,
UNIDAD OPERATIVA JALISCO,"FOCUS ON SERVICES, S.A. DE C.V.",9GRSR83,DELL,P2319H,L2_Monitor,
UNIDAD OPERATIVA JALISCO,"FOCUS ON SERVICES, S.A. DE C.V.",539246,KENSINGTON,K64442WW,P4_Candado de Combinación para Docking,
UNIDAD OPERATIVA JALISCO,"FOCUS ON SERVICES, S.A. DE C.V.",6PGSR93,DELL,Latitude 3420,L2_Equipo Portatil Avanzado,
UNIDAD OPERATIVA JALISCO,"INDUSTRIAS SANDOVAL, S.A. DE C.V.",R4V1523227,KYOCERA,M3145IDN,MULTIFUNCIONAL,
UNIDAD OPERATIVA JALISCO,"FOCUS ON SERVICES, S.A. DE C.V.",36DTR93,DELL,Latitude 3420,L2_Equipo Portatil Intermedio,
UNIDAD OPERATIVA JALISCO,"FOCUS ON SERVICES, S.A. DE C.V.",9PY3S83,DELL,P2319H,L2_Monitor,
UNIDAD OPERATIVA JALISCO,"FOCUS ON SERVICES, S.A. DE C.V.",539248,KENSINGTON,K64442WW,P4_Candado de Combinación para Docking,
UNIDAD OPERATIVA JALISCO,"FOCUS ON SERVICES, S.A. DE C.V.",6NGSR93,DELL,Latitude 3420,L2_Equipo Portatil Avanzado,
UNIDAD OPERATIVA JALISCO,"INDUSTRIAS SANDOVAL, S.A. DE C.V.",R4V1523863,KYOCERA,M3145IDN,MULTIFUNCIONAL,
UNIDAD OPERATIVA JALISCO,"FOCUS ON SERVICES, S.A. DE C.V.",8SY3S83,DELL,P2319H,L2_Monitor,
UNIDAD OPERATIVA JALISCO,"FOCUS ON SERVICES, S.A. DE C.V.",539183,Kensington,K67819WW,P4_ Candado de combinacion para docking ,
UNIDAD OPERATIVA JALISCO,"FOCUS ON SERVICES, S.A. DE C.V.",F6DTR93,DELL,Latitude 3420,L2_Equipo Portatil Avanzado,
UNIDAD OPERATIVA JALISCO,"FOCUS ON SERVICES, S.A. DE C.V.",4RY3S83,DELL,P2319H,L2_Monitor,
UNIDAD OPERATIVA JALISCO,"FOCUS ON SERVICES, S.A. DE C.V.",539175,KENSINGTON,K64442WW,P4_Candado de Combinación para Docking,
UNIDAD OPERATIVA JALISCO,"FOCUS ON SERVICES, S.A. DE C.V.",7BGSR93,DELL,Latitude 3420,L2_Equipo Portatil Avanzado,
UNIDAD OPERATIVA JALISCO,"FOCUS ON SERVICES, S.A. DE C.V.",7RY3S83,DELL,P2319H,L2_Monitor,
UNIDAD OPERATIVA JALISCO,"FOCUS ON SERVICES, S.A. DE C.V.",539244,KENSINGTON,K64442WW,P4_Candado de Combinación para Docking,
UNIDAD OPERATIVA JALISCO,"FOCUS ON SERVICES, S.A. DE C.V.",G9GSR93,DELL,Latitude 3420,L2_Equipo Portatil Avanzado,
UNIDAD OPERATIVA JALISCO,"FOCUS ON SERVICES, S.A. DE C.V.",3RY3S83,DELL,P2319H,L2_Monitor,
UNIDAD OPERATIVA JALISCO,"FOCUS ON SERVICES, S.A. DE C.V.",539236,KENSINGTON,K64442WW,P4_Candado de Combinación para Docking,
UNIDAD OPERATIVA JALISCO,"FOCUS ON SERVICES, S.A. DE C.V.",96DTR93,DELL,Latitude 3420,L2_Equipo Portatil Avanzado,
UNIDAD OPERATIVA JALISCO,"FOCUS ON SERVICES, S.A. DE C.V.",CPY3S83,DELL,P2319H,L2_Monitor,
UNIDAD OPERATIVA JALISCO,"FOCUS ON SERVICES, S.A. DE C.V.",539233,KENSINGTON,K67819WW,P4_Candado de Combinación para Docking,
UNIDAD OPERATIVA JALISCO,"FOCUS ON SERVICES, S.A. DE C.V.",56DTR93,DELL,Latitude 3420,L2_Equipo Portatil Avanzado,
UNIDAD OPERATIVA JALISCO,"FOCUS ON SERVICES, S.A. DE C.V.",2SY3S83,DELL,P2319H,L2_Monitor,
UNIDAD OPERATIVA JALISCO,"FOCUS ON SERVICES, S.A. DE C.V.",539230,KENSINGTON,K67819WW,P4_Candado de Combinación para Docking,
UNIDAD OPERATIVA JALISCO,"FOCUS ON SERVICES, S.A. DE C.V.",F8GSR93,DELL,Latitude 3420,L2_Equipo Portatil Avanzado,
UNIDAD OPERATIVA JALISCO,"FOCUS ON SERVICES, S.A. DE C.V.",BJY3S83,DELL,P2319H,L2_Monitor,
UNIDAD OPERATIVA JALISCO,"FOCUS ON SERVICES, S.A. DE C.V.",539229,KENSINGTON,K67819WW,P4_Candado de Combinación para Docking,
UNIDAD OPERATIVA JALISCO,"FOCUS ON SERVICES, S.A. DE C.V.",CBGSR93,DELL,Latitude 3420,L2_Equipo Portatil Avanzado,
UNIDAD OPERATIVA JALISCO,"FOCUS ON SERVICES, S.A. DE C.V.",1SY3S83,DELL,P2319H,L2_Monitor,
UNIDAD OPERATIVA JALISCO,"FOCUS ON SERVICES, S.A. DE C.V.",539180,KENSINGTON,K64442WW,P4_Candado de Combinación para Docking,
UNIDAD OPERATIVA JALISCO,"FOCUS ON SERVICES, S.A. DE C.V.",JBGSR93,DELL,Latitude 3420,L2_Equipo Portatil Avanzado,
UNIDAD OPERATIVA JALISCO,"FOCUS ON SERVICES, S.A. DE C.V.",JPY3S83,DELL,P2319H,L2_Monitor,
UNIDAD OPERATIVA JALISCO,"FOCUS ON SERVICES, S.A. DE C.V.",539234,KENSINGTON,K64442WW,P4_Candado de Combinación para Docking,
UNIDAD OPERATIVA JALISCO,"FOCUS ON SERVICES, S.A. DE C.V.",F9GSR93,DELL,Latitude 3420,L2_Equipo Portatil Avanzado,
UNIDAD OPERATIVA JALISCO,"FOCUS ON SERVICES, S.A. DE C.V.",F1JCR83,DELL,P2319H,L2_Monitor,
UNIDAD OPERATIVA JALISCO,"FOCUS ON SERVICES, S.A. DE C.V.",539247,KENSINGTON,K64442WW,P4_Candado de Combinación para Docking,
UNIDAD OPERATIVA JALISCO,"FOCUS ON SERVICES, S.A. DE C.V.",H8GSR93,DELL,Latitude 3420,L2_Equipo Portatil Avanzado,
UNIDAD OPERATIVA JALISCO,"FOCUS ON SERVICES, S.A. DE C.V.",4QY3S83,DELL,P2319H,L2_Monitor,
UNIDAD OPERATIVA JALISCO,"FOCUS ON SERVICES, S.A. DE C.V.",539232,KENSINGTON,K64442WW,P4_Candado de Combinación para Docking,
UNIDAD OPERATIVA JALISCO,"FOCUS ON SERVICES, S.A. DE C.V.",5BGSR93,DELL,Latitude 3420,L2_Equipo Portatil Avanzado,
UNIDAD OPERATIVA JALISCO,"FOCUS ON SERVICES, S.A. DE C.V.",7QY3S83,DELL,P2319H,L2_Monitor,
UNIDAD OPERATIVA JALISCO,"FOCUS ON SERVICES, S.A. DE C.V.",539245,KENSINGTON,K64442WW,P4_Candado de Combinación para Docking,
UNIDAD OPERATIVA JALISCO,"FOCUS ON SERVICES, S.A. DE C.V.",G5DTR93,DELL,Latitude 3420,L2_Equipo Portatil Avanzado,
UNIDAD OPERATIVA JALISCO,"FOCUS ON SERVICES, S.A. DE C.V.",JFY3S83,DELL,P2319H,L2_Monitor,
UNIDAD OPERATIVA JALISCO,"FOCUS ON SERVICES, S.A. DE C.V.",539239,KENSINGTON,K67819WW,P4_Candado de Combinación para Docking,
UNIDAD OPERATIVA JALISCO,"FOCUS ON SERVICES, S.A. DE C.V.",19GSR93,DELL,Latitude 3420,L2_Equipo Portatil Avanzado,
UNIDAD OPERATIVA JALISCO,"FOCUS ON SERVICES, S.A. DE C.V.",GRY3S83,DELL,P2319H,L2_Monitor,
UNIDAD OPERATIVA JALISCO,"FOCUS ON SERVICES, S.A. DE C.V.",539238,KENSINGTON,K64442WW,P4_Candado de Combinación para Docking,
UNIDAD OPERATIVA JALISCO,"FOCUS ON SERVICES, S.A. DE C.V.",B6DTR93,DELL,Latitude 3420,L2_Equipo Portatil Avanzado,
UNIDAD OPERATIVA JALISCO,"FOCUS ON SERVICES, S.A. DE C.V.",JGKSR93,DELL,Latitude 3420,L2_Equipo Portatil Intermedio,
UNIDAD OPERATIVA JALISCO,"FOCUS ON SERVICES, S.A. DE C.V.",DRY3S83,DELL,P2319H,L2_Monitor,
UNIDAD OPERATIVA JALISCO,"FOCUS ON SERVICES, S.A. DE C.V.",539176,KENSINGTON,K64442WW,P4_Candado de Combinación para Docking,
UNIDAD OPERATIVA JALISCO,"FOCUS ON SERVICES, S.A. DE C.V.",35DTR93,DELL,Latitude 3420,L2_Equipo Portatil Avanzado,
UNIDAD OPERATIVA JALISCO,"INDUSTRIAS SANDOVAL, S.A. DE C.V.",R4V1524036,KYOCERA,M3145IDN,MULTIFUNCIONAL,
UNIDAD OPERATIVA JALISCO,"FOCUS ON SERVICES, S.A. DE C.V.",5QY3S83,DELL,P2319H,L2_Monitor,
UNIDAD OPERATIVA JALISCO,"FOCUS ON SERVICES, S.A. DE C.V.",539241,KENSINGTON,K64442WW,P4_Candado de Combinación para Docking,
UNIDAD OPERATIVA JALISCO,"FOCUS ON SERVICES, S.A. DE C.V.",8NGSR93,DELL,Latitude 3420,L2_Equipo Portatil Avanzado,
UNIDAD OPERATIVA JALISCO,"FOCUS ON SERVICES, S.A. DE C.V.",7RY3S83,DELL,P2319H,L2_Monitor,
UNIDAD OPERATIVA JALISCO,"FOCUS ON SERVICES, S.A. DE C.V.",539243,KENSINGTON,K64442WW,P4_Candado de Combinación para Docking,
UNIDAD OPERATIVA JALISCO,"FOCUS ON SERVICES, S.A. DE C.V.",9PGSR93,DELL,Latitude 3420,L2_Equipo Portatil Avanzado,
UNIDAD OPERATIVA JALISCO,"INDUSTRIAS SANDOVAL, S.A. DE C.V.",R4V1523917,KYOCERA,M3145IDN,MULTIFUNCIONAL,
UNIDAD OPERATIVA JALISCO,"SYNNEX DE MÉXICO, S.A. DE C.V.",201115'3760116,CDP,R-SMART 751,NOBREAK,
UNIDAD OPERATIVA JALISCO,"SYNNEX DE MÉXICO, S.A. DE C.V.",201115'3760155,CDP,R-SMART 751,NOBREAK,
UNIDAD OPERATIVA JALISCO,"SYNNEX DE MÉXICO, S.A. DE C.V.",201115'3760156,CDP,R-SMART 751,NOBREAK,
UNIDAD OPERATIVA JALISCO,"SYNNEX DE MÉXICO, S.A. DE C.V.",201115'3760154,CDP,R-SMART 751,NOBREAK,
UNIDAD OPERATIVA JALISCO,"SYNNEX DE MÉXICO, S.A. DE C.V.",201115'3760183,CDP,R-SMART 751,NOBREAK,
UNIDAD OPERATIVA JALISCO,"SYNNEX DE MÉXICO, S.A. DE C.V.",201115'3760181,CDP,R-SMART 751,NOBREAK,
UNIDAD OPERATIVA JALISCO,"SYNNEX DE MÉXICO, S.A. DE C.V.",201115'3760182,CDP,R-SMART 751,NOBREAK,
UNIDAD OPERATIVA JALISCO,"SYNNEX DE MÉXICO, S.A. DE C.V.",201115'3760127,CDP,R-SMART 751,NOBREAK,
UNIDAD OPERATIVA JALISCO,"SYNNEX DE MÉXICO, S.A. DE C.V.",201115'3760129,CDP,R-SMART 751,NOBREAK,
UNIDAD OPERATIVA JALISCO,"SYNNEX DE MÉXICO, S.A. DE C.V.",201115'3760128,CDP,R-SMART 751,NOBREAK,
UNIDAD OPERATIVA JALISCO,"SYNNEX DE MÉXICO, S.A. DE C.V.",201115'3760139,CDP,R-SMART 751,NOBREAK,
UNIDAD OPERATIVA JALISCO,"SYNNEX DE MÉXICO, S.A. DE C.V.",201115'3760137,CDP,R-SMART 751,NOBREAK,
UNIDAD OPERATIVA JALISCO,"SYNNEX DE MÉXICO, S.A. DE C.V.",201115'3760136,CDP,R-SMART 751,NOBREAK,
UNIDAD OPERATIVA JALISCO,"SYNNEX DE MÉXICO, S.A. DE C.V.",201115'3760115,CDP,R-SMART 751,NOBREAK,
UNIDAD OPERATIVA JALISCO,"SYNNEX DE MÉXICO, S.A. DE C.V.",201115'3760126,CDP,R-SMART 751,NOBREAK,
UNIDAD OPERATIVA JALISCO,"SYNNEX DE MÉXICO, S.A. DE C.V.",201115'3760124,CDP,R-SMART 751,NOBREAK,
UNIDAD OPERATIVA JALISCO,"SYNNEX DE MÉXICO, S.A. DE C.V.",201115'3760125,CDP,R-SMART 751,NOBREAK,
UNIDAD OPERATIVA JALISCO,"SYNNEX DE MÉXICO, S.A. DE C.V.",201115'3760104,CDP,R-SMART 751,NOBREAK,
UNIDAD OPERATIVA JALISCO,"SYNNEX DE MÉXICO, S.A. DE C.V.",201115'3760105,CDP,R-SMART 751,NOBREAK,
UNIDAD OPERATIVA JALISCO,"SYNNEX DE MÉXICO, S.A. DE C.V.",201115'3760122,CDP,R-SMART 751,NOBREAK,
UNIDAD OPERATIVA JALISCO,"SYNNEX DE MÉXICO, S.A. DE C.V.",201115'3760123,CDP,R-SMART 751,NOBREAK,
UNIDAD OPERATIVA JALISCO,"SYNNEX DE MÉXICO, S.A. DE C.V.",201115'3760153,CDP,R-SMART 751,NOBREAK,
UNIDAD OPERATIVA JALISCO,"SYNNEX DE MÉXICO, S.A. DE C.V.",201115'3760151,CDP,R-SMART 751,NOBREAK,
UNIDAD OPERATIVA JALISCO,"SYNNEX DE MÉXICO, S.A. DE C.V.",201115'3760091,CDP,R-SMART 751,NOBREAK,
UNIDAD OPERATIVA JALISCO,"SYNNEX DE MÉXICO, S.A. DE C.V.",201115'3760096,CDP,R-SMART 751,NOBREAK,
UNIDAD OPERATIVA JALISCO,"SYNNEX DE MÉXICO, S.A. DE C.V.",201115'3760118,CDP,R-SMART 751,NOBREAK,
UNIDAD OPERATIVA JALISCO,"SYNNEX DE MÉXICO, S.A. DE C.V.",201115'3760170,CDP,R-SMART 751,NOBREAK,
UNIDAD OPERATIVA JALISCO,"SYNNEX DE MÉXICO, S.A. DE C.V.",201115'3760169,CDP,R-SMART 751,NOBREAK,
UNIDAD OPERATIVA JALISCO,"SYNNEX DE MÉXICO, S.A. DE C.V.",201115'3760135,CDP,R-SMART 751,NOBREAK,
UNIDAD OPERATIVA JALISCO,"SYNNEX DE MÉXICO, S.A. DE C.V.",201115'3760134,CDP,R-SMART 751,NOBREAK,
UNIDAD OPERATIVA JALISCO,"SYNNEX DE MÉXICO, S.A. DE C.V.",201115'3760099,CDP,R-SMART 751,NOBREAK,
UNIDAD OPERATIVA JALISCO,"SYNNEX DE MÉXICO, S.A. DE C.V.",201115'3760098,CDP,R-SMART 751,NOBREAK,
UNIDAD OPERATIVA JALISCO,"SYNNEX DE MÉXICO, S.A. DE C.V.",201115'3760097,CDP,R-SMART 751,NOBREAK,
UNIDAD OPERATIVA JALISCO,"SYNNEX DE MÉXICO, S.A. DE C.V.",201115'3760095,CDP,R-SMART 751,NOBREAK,
UNIDAD OPERATIVA JALISCO,"SYNNEX DE MÉXICO, S.A. DE C.V.",201115'3760094,CDP,R-SMART 751,NOBREAK,
UNIDAD OPERATIVA JALISCO,"SYNNEX DE MÉXICO, S.A. DE C.V.",201115'3760103,CDP,R-SMART 751,NOBREAK,
UNIDAD OPERATIVA JALISCO,"SYNNEX DE MÉXICO, S.A. DE C.V.",201115'3760113,CDP,R-SMART 751,NOBREAK,
UNIDAD OPERATIVA JALISCO,"SYNNEX DE MÉXICO, S.A. DE C.V.",201115'3760114,CDP,R-SMART 751,NOBREAK,
UNIDAD OPERATIVA JALISCO,"SYNNEX DE MÉXICO, S.A. DE C.V.",201115'3760112,CDP,R-SMART 751,NOBREAK,
UNIDAD OPERATIVA JALISCO,"SYNNEX DE MÉXICO, S.A. DE C.V.",201115'3760110,CDP,R-SMART 751,NOBREAK,
UNIDAD OPERATIVA JALISCO,"SYNNEX DE MÉXICO, S.A. DE C.V.",201115'3760111,CDP,R-SMART 751,NOBREAK,
UNIDAD OPERATIVA JALISCO,"SYNNEX DE MÉXICO, S.A. DE C.V.",201115'3760109,CDP,R-SMART 751,NOBREAK,
UNIDAD OPERATIVA JALISCO,"SYNNEX DE MÉXICO, S.A. DE C.V.",201115'3760106,CDP,R-SMART 751,NOBREAK,
UNIDAD OPERATIVA JALISCO,"SYNNEX DE MÉXICO, S.A. DE C.V.",201115'3760108,CDP,R-SMART 751,NOBREAK,
UNIDAD OPERATIVA JALISCO,"SYNNEX DE MÉXICO, S.A. DE C.V.",201115'3760107,CDP,R-SMART 751,NOBREAK,
UNIDAD OPERATIVA JALISCO,"SYNNEX DE MÉXICO, S.A. DE C.V.",201115'3760141,CDP,R-SMART 751,NOBREAK,
UNIDAD OPERATIVA JALISCO,"SYNNEX DE MÉXICO, S.A. DE C.V.",201115'3760140,CDP,R-SMART 751,NOBREAK,
UNIDAD OPERATIVA JALISCO,"SYNNEX DE MÉXICO, S.A. DE C.V.",201115'3760117,CDP,R-SMART 751,NOBREAK,
UNIDAD OPERATIVA JALISCO,"SYNNEX DE MÉXICO, S.A. DE C.V.",201115'3760161,CDP,R-SMART 751,NOBREAK,
UNIDAD OPERATIVA JALISCO,"SYNNEX DE MÉXICO, S.A. DE C.V.",201115'3760162,CDP,R-SMART 751,NOBREAK,
UNIDAD OPERATIVA JALISCO,"SYNNEX DE MÉXICO, S.A. DE C.V.",201115'3760160,CDP,R-SMART 751,NOBREAK,
UNIDAD OPERATIVA JALISCO,"SYNNEX DE MÉXICO, S.A. DE C.V.",201115'3760152,CDP,R-SMART 751,NOBREAK,
UNIDAD OPERATIVA JALISCO,"SYNNEX DE MÉXICO, S.A. DE C.V.",201115'3760143,CDP,R-SMART 751,NOBREAK,
UNIDAD OPERATIVA JALISCO,"SYNNEX DE MÉXICO, S.A. DE C.V.",201115'3760144,CDP,R-SMART 751,NOBREAK,
UNIDAD OPERATIVA JALISCO,"SYNNEX DE MÉXICO, S.A. DE C.V.",201115'3760100,CDP,R-SMART 751,NOBREAK,
UNIDAD OPERATIVA JALISCO,"SYNNEX DE MÉXICO, S.A. DE C.V.",201115'3760102,CDP,R-SMART 751,NOBREAK,
UNIDAD OPERATIVA JALISCO,"SYNNEX DE MÉXICO, S.A. DE C.V.",201115'3760101,CDP,R-SMART 751,NOBREAK,
UNIDAD OPERATIVA JALISCO,"SYNNEX DE MÉXICO, S.A. DE C.V.",201115'3760120,CDP,R-SMART 751,NOBREAK,
UNIDAD OPERATIVA JALISCO,"SYNNEX DE MÉXICO, S.A. DE C.V.",201115'3760119,CDP,R-SMART 751,NOBREAK,
UNIDAD OPERATIVA JALISCO,"SYNNEX DE MÉXICO, S.A. DE C.V.",201115'3760121,CDP,R-SMART 751,NOBREAK,
UNIDAD OPERATIVA JALISCO,"FOCUS ON SERVICES, S.A. DE C.V.",3GRSR83,DELL,P2319H,L2_Monitor,
UNIDAD OPERATIVA JALISCO,"FOCUS ON SERVICES, S.A. DE C.V.",539231,KENSINGTON,K64442WW,P4_Candado de Combinación para Docking,
UNIDAD OPERATIVA JALISCO,"FOCUS ON SERVICES, S.A. DE C.V.",HNGSR93,DELL,Latitude 3420,L2_Equipo Portatil Avanzado,
UNIDAD OPERATIVA JALISCO,"INDUSTRIAS SANDOVAL, S.A. DE C.V.",R4V1523927,KYOCERA,M3145IDN,MULTIFUNCIONAL,
